row_id,arm,supervision,scene,n_px_scored,n_anom,roc_auc,pr_auc,precision,recall,f1,status,note
classical_ae,classical_ae,unsupervised,ang20171012t194435_23,474,74,0.7147297297297283,0.2129854192414188,0.015102040816326531,1.0,0.029754724567752314,ok,
classical_ae,classical_ae,unsupervised,ang20171012t194435_24,411,11,0.9181818181818187,0.019859227311377268,0.0026855468749999996,1.0,0.005356708059410761,ok,
classical_ae,classical_ae,unsupervised,ang20171012t194435_25,452,52,0.8604326923076931,0.4381074198167009,0.0126953125,1.0,0.02507232401157184,ok,
classical_ae,classical_ae,unsupervised,ang20171012t194435_26,414,14,0.8083928571428567,0.4666194516072319,0.00341796875,1.0,0.006812652068126521,ok,
classical_ae,classical_ae,unsupervised,ang20171012t194435_27,427,27,0.7576851851851868,0.39803057529770275,0.006591796875,1.0,0.01309725927722532,ok,
classical_ae,classical_ae,unsupervised,ang20171012t194435_28,443,43,0.5277325581395367,0.24242862108655863,0.010498046875000002,1.0,0.020777965692196185,ok,
classical_ae,classical_ae,unsupervised,ang20171012t194435_29,458,58,0.6771120689655157,0.47750818962270386,0.01416015625,1.0,0.027924891670678863,ok,
classical_ae,classical_ae,unsupervised,ang20171012t194435_30,424,24,0.42604166666666526,0.08949387277994299,0.005859374999999999,1.0,0.011650485436893203,ok,
classical_ae,classical_ae,unsupervised,ang20171012t194435_31,434,34,0.4369852941176484,0.04667239481990558,0.00830078125,1.0,0.01646489104116223,ok,
classical_ae,classical_ae,unsupervised,ang20171012t194435_32,456,56,0.721741071428571,0.5174904857023248,0.013671875000000003,1.0,0.026974951830443166,ok,
classical_ae,classical_ae,unsupervised,ang20171012t194435_33,469,69,0.7043478260869571,0.3741196217698886,0.016845703125,1.0,0.033133253301320525,ok,
classical_ae,classical_ae,unsupervised,ang20171012t194435_35,429,29,0.3213793103448276,0.10818387570833185,0.007080078124999998,1.0,0.014060606060606056,ok,
classical_ae,classical_ae,unsupervised,ang20191004t185054_22,446,46,0.002608695652173925,0.004840332255506201,0.009387755102040816,1.0,0.018600889607763852,ok,
classical_ae,classical_ae,unsupervised,ang20191004t185054_23,412,12,0.11104166666666673,0.0017390784835939752,0.0029296874999999987,1.0,0.005842259006815966,ok,
classical_ae,classical_ae,unsupervised,ang20191004t185054_24,453,53,0.7932547169811325,0.5916022081131508,0.012939453125,1.0,0.02554832489756568,ok,
classical_ae,classical_ae,unsupervised,ang20191004t185054_25,440,40,0.8918124999999997,0.04416626628683757,0.009765625,1.0,0.019342359767891684,ok,
classical_ae,classical_ae,unsupervised,ang20191004t185054_26,439,39,0.5876923076923066,0.0874832406966897,0.009521484375,1.0,0.018863361547763,ok,
classical_ae,classical_ae,unsupervised,ang20191004t185054_27,651,251,0.8386553784860568,0.75598893659656,0.04462222222222222,1.0,0.08543226684819606,ok,
classical_ae,classical_ae,unsupervised,ang20191004t215336_11,435,35,0.4430714285714298,0.06797210656506508,0.008544921874999998,1.0,0.016945049624788183,ok,
classical_ae,classical_ae,unsupervised,ang20191004t215336_12,430,30,0.1859999999999999,0.004434363070576743,0.007324218750000003,1.0,0.014541929229277757,ok,
classical_ae,classical_ae,unsupervised,ang20191004t215336_13,445,45,0.7490000000000002,0.45730685884977257,0.010986328125,1.0,0.021733880705143684,ok,
classical_ae,classical_ae,unsupervised,ang20210614t141018_32,470,70,0.8120714285714277,0.30294298729713104,0.0100488084984209,1.0,0.0198976691301876,ok,
classical_ae,classical_ae,unsupervised,ang20210614t141018_33,418,18,0.8305555555555568,0.017315346173987185,0.004394531250000001,1.0,0.008750607681088967,ok,
classical_ae,classical_ae,unsupervised,ang20210614t141018_34,417,17,0.32308823529412073,0.0029829981945398024,0.004150390624999999,1.0,0.008266472161439336,ok,
classical_ae,classical_ae,unsupervised,ang20210614t141018_35,426,26,0.4205769230769268,0.00524251211254188,0.006347656250000002,1.0,0.012615235322658907,ok,
classical_ae,classical_ae,unsupervised,ang20210614t141018_36,441,41,0.5936585365853637,0.014855283755185711,0.010009765624999998,1.0,0.019821126420111187,ok,
classical_ae,classical_ae,unsupervised,ang20210614t141018_37,417,17,0.41102941176470187,0.0014068558794732033,0.0016665032839917656,1.0,0.0033274613427285186,ok,
classical_ae,classical_ae,unsupervised,ang20210614t141018_38,408,8,0.424374999999998,0.0008189567608765005,0.0008,1.0,0.001598721023181455,ok,
classical_ocsvm,classical_ocsvm,unsupervised,ang20171012t194435_23,474,74,0.6140540540540521,0.0190628436473736,0.015102040816326531,1.0,0.029754724567752314,ok,
classical_ocsvm,classical_ocsvm,unsupervised,ang20171012t194435_24,411,11,0.822272727272728,0.011282030050126797,0.002692259448148,1.0,0.005370061298029247,ok,
classical_ocsvm,classical_ocsvm,unsupervised,ang20171012t194435_25,452,52,0.8123076923076933,0.05051936624538665,0.0126953125,1.0,0.02507232401157184,ok,
classical_ocsvm,classical_ocsvm,unsupervised,ang20171012t194435_26,414,14,0.7792857142857137,0.018736803101215498,0.00341796875,1.0,0.006812652068126521,ok,
classical_ocsvm,classical_ocsvm,unsupervised,ang20171012t194435_27,427,27,0.7229629629629648,0.015845809630579206,0.006608208496320514,1.0,0.013129653504796885,ok,
classical_ocsvm,classical_ocsvm,unsupervised,ang20171012t194435_28,443,43,0.49360465116279273,0.014337640641998373,0.010498046875000002,1.0,0.020777965692196185,ok,
classical_ocsvm,classical_ocsvm,unsupervised,ang20171012t194435_29,458,58,0.7065086206896535,0.26840777798740156,0.01416015625,1.0,0.027924891670678863,ok,
classical_ocsvm,classical_ocsvm,unsupervised,ang20171012t194435_30,424,24,0.45468749999999847,0.008551304419160577,0.005859374999999999,1.0,0.011650485436893203,ok,
classical_ocsvm,classical_ocsvm,unsupervised,ang20171012t194435_31,434,34,0.45981617647059,0.021266581902832277,0.00830078125,1.0,0.01646489104116223,ok,
classical_ocsvm,classical_ocsvm,unsupervised,ang20171012t194435_32,456,56,0.706897321428571,0.37247551292133496,0.013671875000000003,1.0,0.026974951830443166,ok,
classical_ocsvm,classical_ocsvm,unsupervised,ang20171012t194435_33,469,69,0.6862681159420299,0.05179805945632795,0.017226776152399547,1.0,0.03387008001806404,ok,
classical_ocsvm,classical_ocsvm,unsupervised,ang20171012t194435_35,429,29,0.41512931034482764,0.005735777852240324,0.007080078124999998,1.0,0.014060606060606056,ok,
classical_ocsvm,classical_ocsvm,unsupervised,ang20191004t185054_22,446,46,0.016086956521739262,0.0048607541293146745,0.009387755102040816,1.0,0.018600889607763852,ok,
classical_ocsvm,classical_ocsvm,unsupervised,ang20191004t185054_23,412,12,0.28937500000000016,0.0020613820893214357,0.0029296874999999987,1.0,0.005842259006815966,ok,
classical_ocsvm,classical_ocsvm,unsupervised,ang20191004t185054_24,453,53,0.7970754716981135,0.3982574923935572,0.012939453125,1.0,0.02554832489756568,ok,
classical_ocsvm,classical_ocsvm,unsupervised,ang20191004t185054_25,440,40,0.8599999999999993,0.10634023180761204,0.009765625,1.0,0.019342359767891684,ok,
classical_ocsvm,classical_ocsvm,unsupervised,ang20191004t185054_26,439,39,0.6051923076923066,0.011403713990731557,0.009521484375,1.0,0.018863361547763,ok,
classical_ocsvm,classical_ocsvm,unsupervised,ang20191004t185054_27,651,251,0.8461852589641441,0.5201600539756991,0.04462222222222222,1.0,0.08543226684819606,ok,
classical_ocsvm,classical_ocsvm,unsupervised,ang20191004t215336_11,435,35,0.47685714285714387,0.12059187613738097,0.008544921874999998,1.0,0.016945049624788183,ok,
classical_ocsvm,classical_ocsvm,unsupervised,ang20191004t215336_12,430,30,0.24474999999999983,0.0046498788776597865,0.007324218750000003,1.0,0.014541929229277757,ok,
classical_ocsvm,classical_ocsvm,unsupervised,ang20191004t215336_13,445,45,0.7041666666666667,0.5097678329293003,0.010986328125,1.0,0.021733880705143684,ok,
classical_ocsvm,classical_ocsvm,unsupervised,ang20210614t141018_32,470,70,0.9121071428571423,0.45279046265096395,0.0100488084984209,1.0,0.0198976691301876,ok,
classical_ocsvm,classical_ocsvm,unsupervised,ang20210614t141018_33,418,18,0.8858333333333341,0.3545523668342585,0.00444991069276457,1.0,0.008860393426080323,ok,
classical_ocsvm,classical_ocsvm,unsupervised,ang20210614t141018_34,417,17,0.844117647058825,0.44079530410206924,0.004150390624999999,1.0,0.008266472161439336,ok,
classical_ocsvm,classical_ocsvm,unsupervised,ang20210614t141018_35,426,26,0.6007692307692334,0.013815279471186725,0.006379350533043811,1.0,0.012677824777833314,ok,
classical_ocsvm,classical_ocsvm,unsupervised,ang20210614t141018_36,441,41,0.7925304878048766,0.15743481519946262,0.010009765624999998,1.0,0.019821126420111187,ok,
classical_ocsvm,classical_ocsvm,unsupervised,ang20210614t141018_37,417,17,0.49911764705882006,0.00167644634804426,0.001674863646394905,1.0,0.0033441263371587512,ok,
classical_ocsvm,classical_ocsvm,unsupervised,ang20210614t141018_38,408,8,0.5731249999999984,0.006514144156314738,0.0008,1.0,0.001598721023181455,ok,
classical_svc,classical_svc,supervised,ang20171012t194435_23,474,74,0.6605067567567553,0.21999798451803232,0.015290282921890415,1.0,0.03012002218298931,ok,
classical_svc,classical_svc,supervised,ang20171012t194435_24,411,11,0.893181818181819,0.19273929080386035,0.002692259448148,1.0,0.005370061298029247,ok,
classical_svc,classical_svc,supervised,ang20171012t194435_25,452,52,0.7878365384615393,0.5881781065846798,0.0126953125,1.0,0.02507232401157184,ok,
classical_svc,classical_svc,supervised,ang20171012t194435_26,414,14,0.6944642857142854,0.40362800984161523,0.00341796875,1.0,0.006812652068126521,ok,
classical_svc,classical_svc,supervised,ang20171012t194435_27,427,27,0.7945370370370378,0.473416870269229,0.006591796875,1.0,0.01309725927722532,ok,
classical_svc,classical_svc,supervised,ang20171012t194435_28,443,43,0.5694767441860478,0.16847064974003467,0.010498046875000002,1.0,0.020777965692196185,ok,
classical_svc,classical_svc,supervised,ang20171012t194435_29,458,58,0.4329741379310319,0.11536823048278091,0.01416015625,1.0,0.027924891670678863,ok,
classical_svc,classical_svc,supervised,ang20171012t194435_30,424,24,0.853229166666666,0.5065484021750836,0.005859374999999999,1.0,0.011650485436893203,ok,
classical_svc,classical_svc,supervised,ang20171012t194435_31,434,34,0.6999264705882362,0.396349274025077,0.00830078125,1.0,0.01646489104116223,ok,
classical_svc,classical_svc,supervised,ang20171012t194435_32,456,56,0.5574999999999994,0.2683477167433338,0.013671875000000003,1.0,0.026974951830443166,ok,
classical_svc,classical_svc,supervised,ang20171012t194435_33,469,69,0.5645652173913048,0.2496383248318717,0.016845703125,1.0,0.033133253301320525,ok,
classical_svc,classical_svc,supervised,ang20171012t194435_35,429,29,0.7051724137931035,0.24522786396238824,0.0074694477051731704,1.0,0.014828137413372038,ok,
classical_svc,classical_svc,supervised,ang20191004t185054_22,446,46,0.7308695652173935,0.017738270926003098,0.013548299688389106,1.0,0.026734393797620635,ok,
classical_svc,classical_svc,supervised,ang20191004t185054_23,412,12,0.9800000000000001,0.6504896939426531,0.015229199451748814,1.0,0.03000150007500374,ok,
classical_svc,classical_svc,supervised,ang20191004t185054_24,453,53,0.8826886792452833,0.4853409534706464,0.021560733064924203,0.9245283018867925,0.042138756906671244,ok,
classical_svc,classical_svc,supervised,ang20191004t185054_25,440,40,0.8778124999999998,0.4039836112497712,0.010743196943124934,0.925,0.02123971022146703,ok,
classical_svc,classical_svc,supervised,ang20191004t185054_26,439,39,0.8187179487179486,0.3182785420820305,0.0117777117512119,0.8461538461538461,0.023232053898365045,ok,
classical_svc,classical_svc,supervised,ang20191004t185054_27,651,251,0.8100996015936265,0.31882790276799655,0.07844667994323039,0.8247011952191236,0.1432657319788839,ok,
classical_svc,classical_svc,supervised,ang20191004t215336_11,435,35,0.9857857142857144,0.8332358150454018,0.04569309903652836,1.0,0.08739294364403603,ok,
classical_svc,classical_svc,supervised,ang20191004t215336_12,430,30,0.9329166666666664,0.1499582886435328,0.010006070349345272,1.0,0.019813881605452787,ok,
classical_svc,classical_svc,supervised,ang20191004t215336_13,445,45,0.9748333333333334,0.7601258693811643,0.03987090686377661,1.0,0.07668433956677607,ok,
classical_svc,classical_svc,supervised,ang20210614t141018_32,470,70,0.9675357142857142,0.7990797537010406,0.012339150361360832,1.0,0.02437750304718788,ok,
classical_svc,classical_svc,supervised,ang20210614t141018_33,418,18,0.9997222222222222,0.9598234517546453,0.1500625260525219,1.0,0.2609641174338529,ok,
classical_svc,classical_svc,supervised,ang20210614t141018_34,417,17,0.9995588235294118,0.9450206782884456,0.019235393123346958,1.0,0.0377447511205473,ok,
classical_svc,classical_svc,supervised,ang20210614t141018_35,426,26,0.9396153846153851,0.05296357829449314,0.034872367136281224,0.9615384615384616,0.06730380939561181,ok,
classical_svc,classical_svc,supervised,ang20210614t141018_36,441,41,0.9739634146341462,0.7359322613100202,0.06558539395550828,0.9024390243902439,0.12228373130628768,ok,
classical_svc,classical_svc,supervised,ang20210614t141018_37,417,17,0.9810294117647058,0.15901016335148116,0.01048748288072647,1.0,0.020757274203592222,ok,
classical_svc,classical_svc,supervised,ang20210614t141018_38,408,8,0.6946874999999976,0.0016835301265531771,0.0013252698028440293,0.75,0.002645864293620381,ok,
rx_8feat,rx_8feat,unsupervised,ang20171012t194435_23,474,74,0.8865540540540539,0.7478024752494866,0.015102040816326531,1.0,0.029754724567752314,ok,
rx_8feat,rx_8feat,unsupervised,ang20171012t194435_24,411,11,0.9611363636363639,0.4117491932497951,0.0026855468749999996,1.0,0.005356708059410761,ok,
rx_8feat,rx_8feat,unsupervised,ang20171012t194435_25,452,52,1.0,1.0000000000000002,0.0126953125,1.0,0.02507232401157184,ok,
rx_8feat,rx_8feat,unsupervised,ang20171012t194435_26,414,14,0.9967857142857143,0.8461470483326461,0.00341796875,1.0,0.006812652068126521,ok,
rx_8feat,rx_8feat,unsupervised,ang20171012t194435_27,427,27,0.9873148148148149,0.828924728243769,0.006591796875,1.0,0.01309725927722532,ok,
rx_8feat,rx_8feat,unsupervised,ang20171012t194435_28,443,43,0.83389534883721,0.5377530808699102,0.010498046875000002,1.0,0.020777965692196185,ok,
rx_8feat,rx_8feat,unsupervised,ang20171012t194435_29,458,58,0.8554310344827575,0.6493642354771697,0.01416015625,1.0,0.027924891670678863,ok,
rx_8feat,rx_8feat,unsupervised,ang20171012t194435_30,424,24,0.8874999999999994,0.6006715771414378,0.005859374999999999,1.0,0.011650485436893203,ok,
rx_8feat,rx_8feat,unsupervised,ang20171012t194435_31,434,34,0.7869117647058834,0.5488636749183201,0.00830078125,1.0,0.01646489104116223,ok,
rx_8feat,rx_8feat,unsupervised,ang20171012t194435_32,456,56,0.9368303571428569,0.737077807983055,0.013671875000000003,1.0,0.026974951830443166,ok,
rx_8feat,rx_8feat,unsupervised,ang20171012t194435_33,469,69,0.9073188405797107,0.6526665035382837,0.016845703125,1.0,0.033133253301320525,ok,
rx_8feat,rx_8feat,unsupervised,ang20171012t194435_35,429,29,0.6142241379310345,0.5210670737539856,0.007080078124999998,1.0,0.014060606060606056,ok,
rx_8feat,rx_8feat,unsupervised,ang20191004t185054_22,446,46,0.0117391304347827,0.004858007794463959,0.009387755102040816,1.0,0.018600889607763852,ok,
rx_8feat,rx_8feat,unsupervised,ang20191004t185054_23,412,12,0.008541666666666652,0.001591976296494988,0.0029296874999999987,1.0,0.005842259006815966,ok,
rx_8feat,rx_8feat,unsupervised,ang20191004t185054_24,453,53,0.8929716981132078,0.7482803657401692,0.012939453125,1.0,0.02554832489756568,ok,
rx_8feat,rx_8feat,unsupervised,ang20191004t185054_25,440,40,0.5509374999999992,0.2532720679013842,0.009765625,1.0,0.019342359767891684,ok,
rx_8feat,rx_8feat,unsupervised,ang20191004t185054_26,439,39,0.4851923076923068,0.03494072852706346,0.009521484375,1.0,0.018863361547763,ok,
rx_8feat,rx_8feat,unsupervised,ang20191004t185054_27,651,251,0.8679681274900405,0.767673067683256,0.04462222222222222,1.0,0.08543226684819606,ok,
rx_8feat,rx_8feat,unsupervised,ang20191004t215336_11,435,35,0.3766428571428578,0.2634873403907632,0.008544921874999998,1.0,0.016945049624788183,ok,
rx_8feat,rx_8feat,unsupervised,ang20191004t215336_12,430,30,0.13083333333333327,0.0040579955192679516,0.007324218750000003,1.0,0.014541929229277757,ok,
rx_8feat,rx_8feat,unsupervised,ang20191004t215336_13,445,45,0.6054444444444446,0.4038670413691592,0.010986328125,1.0,0.021733880705143684,ok,
rx_8feat,rx_8feat,unsupervised,ang20210614t141018_32,470,70,0.9786428571428569,0.6447067317164036,0.0100488084984209,1.0,0.0198976691301876,ok,
rx_8feat,rx_8feat,unsupervised,ang20210614t141018_33,418,18,0.9998611111111111,0.9799117258773227,0.004394531250000001,1.0,0.008750607681088967,ok,
rx_8feat,rx_8feat,unsupervised,ang20210614t141018_34,417,17,0.9789705882352944,0.8364328756663264,0.004150390624999999,1.0,0.008266472161439336,ok,
rx_8feat,rx_8feat,unsupervised,ang20210614t141018_35,426,26,0.8480769230769245,0.3347387891064597,0.006347656250000002,1.0,0.012615235322658907,ok,
rx_8feat,rx_8feat,unsupervised,ang20210614t141018_36,441,41,0.9484756097560971,0.7062448083132006,0.010009765624999998,1.0,0.019821126420111187,ok,
rx_8feat,rx_8feat,unsupervised,ang20210614t141018_37,417,17,0.7305882352941158,0.2966447234259987,0.001670673006051767,1.0,0.003335773026154422,ok,
rx_8feat,rx_8feat,unsupervised,ang20210614t141018_38,408,8,0.414999999999999,0.005633111359455305,0.0008,1.0,0.001598721023181455,ok,
vqc,vqc,supervised,ang20171012t194435_23,474,74,0.48847972972972725,0.029633150222359426,0.015290282921890415,1.0,0.03012002218298931,ok,
vqc,vqc,supervised,ang20171012t194435_24,411,11,0.8442045454545464,0.010754799322419746,0.00703639736454935,1.0,0.013974464841516864,ok,
vqc,vqc,supervised,ang20171012t194435_25,452,52,0.35365384615384765,0.009959510142859571,0.0126953125,1.0,0.02507232401157184,ok,
vqc,vqc,supervised,ang20171012t194435_26,414,14,0.4022321428571426,0.08960294016233462,0.00341796875,1.0,0.006812652068126521,ok,
vqc,vqc,supervised,ang20171012t194435_27,427,27,0.26898148148148254,0.00757611666582731,0.006608208496320514,1.0,0.013129653504796885,ok,
vqc,vqc,supervised,ang20171012t194435_28,443,43,0.35941860465116426,0.056034140489486406,0.010498046875000002,1.0,0.020777965692196185,ok,
vqc,vqc,supervised,ang20171012t194435_29,458,58,0.40321120689654943,0.05304951548247863,0.01416015625,1.0,0.027924891670678863,ok,
vqc,vqc,supervised,ang20171012t194435_30,424,24,0.18244791666666546,0.0034742249107225943,0.005859374999999999,1.0,0.011650485436893203,ok,
vqc,vqc,supervised,ang20171012t194435_31,434,34,0.2775367647058835,0.03630429254939653,0.00830078125,1.0,0.01646489104116223,ok,
vqc,vqc,supervised,ang20171012t194435_32,456,56,0.19580357142857088,0.008015068622758404,0.013671875000000003,1.0,0.026974951830443166,ok,
vqc,vqc,supervised,ang20171012t194435_33,469,69,0.42570652173913104,0.05754666961635278,0.017226776152399547,1.0,0.03387008001806404,ok,
vqc,vqc,supervised,ang20171012t194435_35,429,29,0.5365086206896553,0.011663565559677186,0.007080078124999998,1.0,0.014060606060606056,ok,
vqc,vqc,supervised,ang20191004t185054_22,446,46,0.43005434782608865,0.00912622060931207,0.009387755102040816,1.0,0.018600889607763852,ok,
vqc,vqc,supervised,ang20191004t185054_23,412,12,0.9567708333333333,0.13134055583697607,0.0029296874999999987,1.0,0.005842259006815966,ok,
vqc,vqc,supervised,ang20191004t185054_24,453,53,0.4415566037735855,0.08189502616583728,0.012337849808886704,0.9433962264150944,0.02435715381786207,ok,
vqc,vqc,supervised,ang20191004t185054_25,440,40,0.14624999999999877,0.005542601761389269,0.00857662355483893,0.875,0.016986745485165718,ok,
vqc,vqc,supervised,ang20191004t185054_26,439,39,0.2787820512820507,0.006156564295369541,0.007864891003670693,0.8205128205128205,0.01558043827285973,ok,
vqc,vqc,supervised,ang20191004t185054_27,651,251,0.5864990039840656,0.18803748307350648,0.0436238854462322,0.952191235059761,0.08342568917822206,ok,
vqc,vqc,supervised,ang20191004t215336_11,435,35,0.2613928571428584,0.0055664540402293496,0.008302808302808301,0.9714285714285714,0.016464891041162225,ok,
vqc,vqc,supervised,ang20191004t215336_12,430,30,0.6414583333333331,0.014762117465921166,0.007324218750000003,1.0,0.014541929229277757,ok,
vqc,vqc,supervised,ang20191004t215336_13,445,45,0.40180555555555586,0.00940077321130574,0.011406077582548172,0.9555555555555556,0.022543067744539864,ok,
vqc,vqc,supervised,ang20210614t141018_32,470,70,0.6425178571428566,0.12392987327348609,0.008095386786015797,0.8,0.016028576662392376,ok,
vqc,vqc,supervised,ang20210614t141018_33,418,18,0.7881250000000005,0.5810967692377648,0.004113004807074369,0.8888888888888888,0.008188122105370899,ok,
vqc,vqc,supervised,ang20210614t141018_34,417,17,0.602279411764708,0.3561038392272294,0.003916958041423055,0.9411764705882353,0.0078014482657319546,ok,
vqc,vqc,supervised,ang20210614t141018_35,426,26,0.5703846153846182,0.01158560019765937,0.0066865032931028735,0.9615384615384616,0.013280653408147684,ok,
vqc,vqc,supervised,ang20210614t141018_36,441,41,0.6424999999999992,0.06685040621848623,0.00858835792674269,0.7560975609756098,0.016983800330773204,ok,
vqc,vqc,supervised,ang20210614t141018_37,417,17,0.3289705882352919,0.002252219311978123,0.0016790753628284317,1.0,0.003352521589252998,ok,
vqc,vqc,supervised,ang20210614t141018_38,408,8,0.7839062499999985,0.002918230769307392,0.0008510203734277399,1.0,0.0017005935071339898,ok,
qae,qae,unsupervised,ang20171012t194435_23,474,74,0.6801689189189177,0.14619639040818447,0.015102040816326531,1.0,0.029754724567752314,ok,
qae,qae,unsupervised,ang20171012t194435_24,411,11,0.4188636363636373,0.0025327584542198796,0.0026855468749999996,1.0,0.005356708059410761,ok,
qae,qae,unsupervised,ang20171012t194435_25,452,52,0.45240384615384743,0.01334711840459904,0.011971658929880283,0.9423076923076923,0.023642943305186973,ok,
qae,qae,unsupervised,ang20171012t194435_26,414,14,0.6912499999999994,0.019859473272876384,0.00341796875,1.0,0.006812652068126521,ok,
qae,qae,unsupervised,ang20171012t194435_27,427,27,0.5716666666666679,0.015857644789939833,0.006591796875,1.0,0.01309725927722532,ok,
qae,qae,unsupervised,ang20171012t194435_28,443,43,0.5947674418604667,0.019673538937488275,0.010498046875000002,1.0,0.020777965692196185,ok,
qae,qae,unsupervised,ang20171012t194435_29,458,58,0.5391379310344803,0.015931793540828736,0.013678553981436248,0.9655172413793104,0.02697495183044316,ok,
qae,qae,unsupervised,ang20171012t194435_30,424,24,0.4207291666666653,0.00778259790596253,0.005859374999999999,1.0,0.011650485436893203,ok,
qae,qae,unsupervised,ang20171012t194435_31,434,34,0.43220588235294277,0.009815700453230427,0.00805860805860806,0.9705882352941176,0.015984499878905305,ok,
qae,qae,unsupervised,ang20171012t194435_32,456,56,0.6577232142857135,0.044266752804329984,0.013671875000000003,1.0,0.026974951830443166,ok,
qae,qae,unsupervised,ang20171012t194435_33,469,69,0.6292028985507259,0.041072750698246216,0.016845703125,1.0,0.033133253301320525,ok,
qae,qae,unsupervised,ang20171012t194435_35,429,29,0.848793103448276,0.03490471364943289,0.007080078124999998,1.0,0.014060606060606056,ok,
qae,qae,unsupervised,ang20191004t185054_22,446,46,0.21907608695652298,0.005746764986318742,0.009411061884892484,1.0,0.01864663909531372,ok,
qae,qae,unsupervised,ang20191004t185054_23,412,12,0.2579166666666668,0.001971956895668467,0.0029296874999999987,1.0,0.005842259006815966,ok,
qae,qae,unsupervised,ang20191004t185054_24,453,53,0.3702830188679252,0.014439332531199027,0.012939453125,1.0,0.02554832489756568,ok,
qae,qae,unsupervised,ang20191004t185054_25,440,40,0.7339374999999991,0.04559493201845777,0.009765625,1.0,0.019342359767891684,ok,
qae,qae,unsupervised,ang20191004t185054_26,439,39,0.3377564102564096,0.0068701955262060336,0.009521484375,1.0,0.018863361547763,ok,
qae,qae,unsupervised,ang20191004t185054_27,651,251,0.6981972111553802,0.11584199806470727,0.04462222222222222,1.0,0.08543226684819606,ok,
qae,qae,unsupervised,ang20191004t215336_11,435,35,0.4315000000000019,0.0074199950450149245,0.008544921874999998,1.0,0.016945049624788183,ok,
qae,qae,unsupervised,ang20191004t215336_12,430,30,0.40233333333333315,0.006033912772684393,0.007324218750000003,1.0,0.014541929229277757,ok,
qae,qae,unsupervised,ang20191004t215336_13,445,45,0.3716666666666669,0.00823481367493128,0.010986328125,1.0,0.021733880705143684,ok,
qae,qae,unsupervised,ang20210614t141018_32,470,70,0.282107142857142,0.020819681108351883,0.0100488084984209,1.0,0.0198976691301876,ok,
qae,qae,unsupervised,ang20210614t141018_33,418,18,0.2815277777777792,0.0030426557760680146,0.004394531250000001,1.0,0.008750607681088967,ok,
qae,qae,unsupervised,ang20210614t141018_34,417,17,0.6976470588235322,0.06586243990673162,0.004150390624999999,1.0,0.008266472161439336,ok,
qae,qae,unsupervised,ang20210614t141018_35,426,26,0.538846153846156,0.011716490923053803,0.006347656250000002,1.0,0.012615235322658907,ok,
qae,qae,unsupervised,ang20210614t141018_36,441,41,0.46115853658536404,0.016226278230840788,0.009768009768009766,0.975609756097561,0.01934235976789168,ok,
qae,qae,unsupervised,ang20210614t141018_37,417,17,0.3379411764705845,0.0015410504770171345,0.0016665032839917656,1.0,0.0033274613427285186,ok,
qae,qae,unsupervised,ang20210614t141018_38,408,8,0.49343749999999753,0.0008624710621611149,0.0008,1.0,0.001598721023181455,ok,
quantum_kernel_spec,quantum_kernel,unsupervised,ang20171012t194435_23,474,74,0.3327027027027001,0.010326389619133214,0.015102040816326531,1.0,0.029754724567752314,ok,
quantum_kernel_spec,quantum_kernel,unsupervised,ang20171012t194435_24,411,11,0.6877272727272733,0.011130183960440352,0.0026855468749999996,1.0,0.005356708059410761,ok,
quantum_kernel_spec,quantum_kernel,unsupervised,ang20171012t194435_25,452,52,0.45399038461538627,0.05181264818273632,0.0126953125,1.0,0.02507232401157184,ok,
quantum_kernel_spec,quantum_kernel,unsupervised,ang20171012t194435_26,414,14,0.25232142857142814,0.002945937359520874,0.00341796875,1.0,0.006812652068126521,ok,
quantum_kernel_spec,quantum_kernel,unsupervised,ang20171012t194435_27,427,27,0.31925925925926024,0.006030273795636467,0.006591796875,1.0,0.01309725927722532,ok,
quantum_kernel_spec,quantum_kernel,unsupervised,ang20171012t194435_28,443,43,0.3461046511627919,0.06400730407543943,0.010498046875000002,1.0,0.020777965692196185,ok,
quantum_kernel_spec,quantum_kernel,unsupervised,ang20171012t194435_29,458,58,0.4117672413793089,0.10567970356234627,0.01416015625,1.0,0.027924891670678863,ok,
quantum_kernel_spec,quantum_kernel,unsupervised,ang20171012t194435_30,424,24,0.2586458333333323,0.004337861324417474,0.005859374999999999,1.0,0.011650485436893203,ok,
quantum_kernel_spec,quantum_kernel,unsupervised,ang20171012t194435_31,434,34,0.34492647058823694,0.006595075429521372,0.00830078125,1.0,0.01646489104116223,ok,
quantum_kernel_spec,quantum_kernel,unsupervised,ang20171012t194435_32,456,56,0.34665178571428507,0.028838662071449535,0.013671875000000003,1.0,0.026974951830443166,ok,
quantum_kernel_spec,quantum_kernel,unsupervised,ang20171012t194435_33,469,69,0.40496376811594265,0.07103167537454606,0.016845703125,1.0,0.033133253301320525,ok,
quantum_kernel_spec,quantum_kernel,unsupervised,ang20171012t194435_35,429,29,0.3801724137931035,0.005402870552341469,0.007080078124999998,1.0,0.014060606060606056,ok,
quantum_kernel_spec,quantum_kernel,unsupervised,ang20191004t185054_22,446,46,0.37005434782608887,0.007177621918476691,0.009387755102040816,1.0,0.018600889607763852,ok,
quantum_kernel_spec,quantum_kernel,unsupervised,ang20191004t185054_23,412,12,0.3464583333333335,0.0024375544997066213,0.0029296874999999987,1.0,0.005842259006815966,ok,
quantum_kernel_spec,quantum_kernel,unsupervised,ang20191004t185054_24,453,53,0.31971698113207614,0.008845971864043064,0.012971462171361579,1.0,0.025610715910113633,ok,
quantum_kernel_spec,quantum_kernel,unsupervised,ang20191004t185054_25,440,40,0.46681249999999896,0.017876617268674955,0.009765625,1.0,0.019342359767891684,ok,
quantum_kernel_spec,quantum_kernel,unsupervised,ang20191004t185054_26,439,39,0.34371794871794825,0.007806824041382453,0.009521484375,1.0,0.018863361547763,ok,
quantum_kernel_spec,quantum_kernel,unsupervised,ang20191004t185054_27,651,251,0.36499003984064127,0.03217800484056293,0.04411241551049449,0.9880478087649402,0.08445428230887113,ok,
quantum_kernel_spec,quantum_kernel,unsupervised,ang20191004t215336_11,435,35,0.4192142857142881,0.007069590329227259,0.008544921874999998,1.0,0.016945049624788183,ok,
quantum_kernel_spec,quantum_kernel,unsupervised,ang20191004t215336_12,430,30,0.2978333333333332,0.00518764150609362,0.007324218750000003,1.0,0.014541929229277757,ok,
quantum_kernel_spec,quantum_kernel,unsupervised,ang20191004t215336_13,445,45,0.33594444444444455,0.07031624604322953,0.010986328125,1.0,0.021733880705143684,ok,
quantum_kernel_spec,quantum_kernel,unsupervised,ang20210614t141018_32,470,70,0.2815714285714276,0.006575958444312925,0.0100488084984209,1.0,0.0198976691301876,ok,
quantum_kernel_spec,quantum_kernel,unsupervised,ang20210614t141018_33,418,18,0.7162500000000022,0.008805761042303434,0.0045182367330136265,1.0,0.008995828184679356,ok,
quantum_kernel_spec,quantum_kernel,unsupervised,ang20210614t141018_34,417,17,0.5033823529411803,0.0040823013470980525,0.004300275597074295,1.0,0.00856372481729671,ok,
quantum_kernel_spec,quantum_kernel,unsupervised,ang20210614t141018_35,426,26,0.5736538461538487,0.02041886110080391,0.006476361281323171,1.0,0.012869375835271991,ok,
quantum_kernel_spec,quantum_kernel,unsupervised,ang20210614t141018_36,441,41,0.3368292682926807,0.007446154362329925,0.01023781060674634,1.0,0.020268120039176787,ok,
quantum_kernel_spec,quantum_kernel,unsupervised,ang20210614t141018_37,417,17,0.5105882352941142,0.0016741256090110868,0.0017135473049932765,1.0,0.00342123216682733,ok,
quantum_kernel_spec,quantum_kernel,unsupervised,ang20210614t141018_38,408,8,0.5206249999999981,0.0010564864631520806,0.0008163132030497461,1.0,0.0016312947586499405,ok,
quantum_kernel_valscale,quantum_kernel,unsupervised,ang20171012t194435_23,474,74,0.7921283783783778,0.09439911921839937,0.015102040816326531,1.0,0.029754724567752314,ok,
quantum_kernel_valscale,quantum_kernel,unsupervised,ang20171012t194435_24,411,11,0.5220454545454556,0.09368992557617033,0.0026855468749999996,1.0,0.005356708059410761,ok,
quantum_kernel_valscale,quantum_kernel,unsupervised,ang20171012t194435_25,452,52,0.8569711538461545,0.28795585526530043,0.0126953125,1.0,0.02507232401157184,ok,
quantum_kernel_valscale,quantum_kernel,unsupervised,ang20171012t194435_26,414,14,0.766964285714285,0.22736971658950533,0.00341796875,1.0,0.006812652068126521,ok,
quantum_kernel_valscale,quantum_kernel,unsupervised,ang20171012t194435_27,427,27,0.6591666666666682,0.01968607090816122,0.006591796875,1.0,0.01309725927722532,ok,
quantum_kernel_valscale,quantum_kernel,unsupervised,ang20171012t194435_28,443,43,0.5611627906976762,0.19493131261142335,0.010498046875000002,1.0,0.020777965692196185,ok,
quantum_kernel_valscale,quantum_kernel,unsupervised,ang20171012t194435_29,458,58,0.6443103448275846,0.2269778485976589,0.01416015625,1.0,0.027924891670678863,ok,
quantum_kernel_valscale,quantum_kernel,unsupervised,ang20171012t194435_30,424,24,0.5907291666666649,0.011585775084142776,0.005859374999999999,1.0,0.011650485436893203,ok,
quantum_kernel_valscale,quantum_kernel,unsupervised,ang20171012t194435_31,434,34,0.4652205882352959,0.009494485266077258,0.00830078125,1.0,0.01646489104116223,ok,
quantum_kernel_valscale,quantum_kernel,unsupervised,ang20171012t194435_32,456,56,0.6431696428571422,0.2034850846536301,0.013671875000000003,1.0,0.026974951830443166,ok,
quantum_kernel_valscale,quantum_kernel,unsupervised,ang20171012t194435_33,469,69,0.6955072463768123,0.13753173212172942,0.016845703125,1.0,0.033133253301320525,ok,
quantum_kernel_valscale,quantum_kernel,unsupervised,ang20171012t194435_35,429,29,0.5355172413793104,0.008082062629083772,0.007080078124999998,1.0,0.014060606060606056,ok,
quantum_kernel_valscale,quantum_kernel,unsupervised,ang20191004t185054_22,446,46,0.2981521739130457,0.006374694444769333,0.009387755102040816,1.0,0.018600889607763852,ok,
quantum_kernel_valscale,quantum_kernel,unsupervised,ang20191004t185054_23,412,12,0.9739583333333335,0.3381896200723363,0.0029296874999999987,1.0,0.005842259006815966,ok,
quantum_kernel_valscale,quantum_kernel,unsupervised,ang20191004t185054_24,453,53,0.5076415094339632,0.012619557894542017,0.012939453125,1.0,0.02554832489756568,ok,
quantum_kernel_valscale,quantum_kernel,unsupervised,ang20191004t185054_25,440,40,0.7736874999999994,0.24951168909669477,0.009765625,1.0,0.019342359767891684,ok,
quantum_kernel_valscale,quantum_kernel,unsupervised,ang20191004t185054_26,439,39,0.5051282051282042,0.011848731499699741,0.009521484375,1.0,0.018863361547763,ok,
quantum_kernel_valscale,quantum_kernel,unsupervised,ang20191004t185054_27,651,251,0.5324203187251025,0.061737990143724594,0.04462222222222222,1.0,0.08543226684819606,ok,
quantum_kernel_valscale,quantum_kernel,unsupervised,ang20191004t215336_11,435,35,0.8679285714285722,0.31282518159404893,0.008544921874999998,1.0,0.016945049624788183,ok,
quantum_kernel_valscale,quantum_kernel,unsupervised,ang20191004t215336_12,430,30,0.635083333333333,0.013713859046069771,0.007324218750000003,1.0,0.014541929229277757,ok,
quantum_kernel_valscale,quantum_kernel,unsupervised,ang20191004t215336_13,445,45,0.8926666666666667,0.6130568926539233,0.010986328125,1.0,0.021733880705143684,ok,
quantum_kernel_valscale,quantum_kernel,unsupervised,ang20210614t141018_32,470,70,0.6319999999999985,0.015046058043720643,0.0100488084984209,1.0,0.0198976691301876,ok,
quantum_kernel_valscale,quantum_kernel,unsupervised,ang20210614t141018_33,418,18,0.9956944444444444,0.7180317090550834,0.004394531250000001,1.0,0.008750607681088967,ok,
quantum_kernel_valscale,quantum_kernel,unsupervised,ang20210614t141018_34,417,17,0.8994117647058835,0.08318180243791279,0.004150390624999999,1.0,0.008266472161439336,ok,
quantum_kernel_valscale,quantum_kernel,unsupervised,ang20210614t141018_35,426,26,0.7543269230769247,0.019744517540266196,0.006347656250000002,1.0,0.012615235322658907,ok,
quantum_kernel_valscale,quantum_kernel,unsupervised,ang20210614t141018_36,441,41,0.8938414634146333,0.09765263008633229,0.010009765624999998,1.0,0.019821126420111187,ok,
quantum_kernel_valscale,quantum_kernel,unsupervised,ang20210614t141018_37,417,17,0.5991176470588208,0.002120176944989857,0.0016665032839917656,1.0,0.0033274613427285186,ok,
quantum_kernel_valscale,quantum_kernel,unsupervised,ang20210614t141018_38,408,8,0.5881249999999985,0.002660225297418369,0.0008,1.0,0.001598721023181455,ok,
